iter	Logloss
0	0.6219922607
1	0.5777951172
